<?xml version="1.0" encoding="utf-8"?>
<modification>
	<name>TM Footer</name>
	<version>1.0</version>
	<author>http://www.templatemonster.com</author>
	<link>http://www.templatemonster.com</link>
	<code>4</code>
	<file path="catalog/controller/common/footer.php">
	
		<operation error="skip">
			<search><![CDATA[ $data['text_newsletter'] = $this->language->get('text_newsletter'); ]]></search>
			<add position="after"><![CDATA[ 
			$data['text_account'] = $this->language->get('text_account');
			$data['text_follow'] = $this->language->get('text_follow');
			$data['text_support'] = $this->language->get('text_support');
			$data['text_twi'] = $this->language->get('text_twi');
			$data['text_fb'] = $this->language->get('text_fb');
			$data['text_rss'] = $this->language->get('text_rss');
			$data['text_yt'] = $this->language->get('text_yt');
			$data['text_phone'] = $this->language->get('text_phone');
			]]></add>
		</operation>
		
		<operation error="skip">
			<search><![CDATA[ $data['newsletter'] = $this->url->link('account/newsletter', '', 'SSL'); ]]></search>
			<add position="after"><![CDATA[ 
			$data['address'] = nl2br($this->config->get('config_address'));
			$data['telephone'] = $this->config->get('config_telephone');
			$data['fax'] = $this->config->get('config_fax');
			$data['open_shop'] = $this->config->get('config_open');
			]]></add>
		</operation>
		
		<operation error="skip">
			<search><![CDATA[ $data['contact'] = $this->url->link('information/contact'); ]]></search>
			<add position="before"><![CDATA[ 
						if ($this->request->server['HTTPS']) {
			$server = $this->config->get('config_ssl');
		} else {
			$server = $this->config->get('config_url');
		}
			if (is_file(DIR_IMAGE . $this->config->get('config_logo'))) {
			$data['logo'] = $server . 'image/' . $this->config->get('config_logo');
		} else {
			$data['logo'] = '';
		}
		$data['name'] = $this->config->get('config_name');
		$data['home'] = $this->url->link('common/home');
			]]></add>
		</operation>
		<operation error="skip">
			<search>
			<![CDATA[ $data['powered'] = sprintf($this->language->get('text_powered'), $this->config->get('config_name'), date('Y', time())); ]]></search>
			<add position="replace">
			<![CDATA[ $data['powered'] = sprintf($this->language->get('text_powered'), date('Y', time())); ]]></add>
		</operation>
		<operation>
			<search><![CDATA[ $data['newsletter'] = $this->url->link('account/newsletter', '', 'SSL'); ]]></search>
			<add position="after"><![CDATA[ 
					$data['tm_social_list'] = $this->load->controller('module/tm_social_list');
			]]></add>
		</operation>
		
	</file>
	
	<file path="catalog/language/english/common/footer.php">
		<operation>
			<search><![CDATA[ $_['text_information'] ]]></search>
			<add position="before"><![CDATA[ $_['text_phone']  = 'Tel: '; ]]></add>
		</operation>
		<operation error="skip">
			<search><![CDATA[ 'Powered By <a href="http://www.opencart.com">OpenCart</a><br /> %s &copy; %s' ]]></search>
			<add position="replace"><![CDATA[ 'Powered By <a href="http://www.opencart.com">OpenCart</a><br /> &copy; %s' ]]></add>
		</operation>
	</file>
	<file path="catalog/language/de-DE/common/footer.php">
		<operation>
			<search><![CDATA[ $_['text_information'] ]]></search>
			<add position="before"><![CDATA[ $_['text_phone']  = 'Tel: '; ]]></add>
		</operation>		
		<operation error="skip">
			<search><![CDATA[ 'Powered By <a href="http://www.opencart.com" target="_blank" title="OpenCart">OpenCart</a>  %s &copy; %s</span>' ]]></search>
			<add position="replace"><![CDATA[ 'Powered By <a href="http://www.opencart.com" target="_blank" title="OpenCart">OpenCart</a>  &copy; %s</span>' ]]></add>
		</operation>
	</file>
	<file path="catalog/language/russian/common/footer.php">
		<operation>
			<search><![CDATA[ $_['text_information'] ]]></search>
			<add position="before"><![CDATA[ $_['text_phone']  = 'Тел: '; ]]></add>
		</operation>
		<operation error="skip">
			<search><![CDATA[ 'Работает на <a href="http://opencart-russia.ru">OpenCart</a><br /> %s &copy; %s' ]]></search>
			<add position="replace"><![CDATA[ 'Работает на <a href="http://opencart-russia.ru">OpenCart</a><br /> &copy; %s' ]]></add>
		</operation>
	</file>
	
</modification>