<?xml version="1.0" encoding="utf-8"?>
<modification>
	<name>TM Parallax </name>
	<version>1.0</version>
	<author>http://www.templatemonster.com</author>
	<link>http://www.templatemonster.com</link>
	<code>parallax</code>
	
	<file path="catalog/model/extension/module.php">
		<operation>
			<search><![CDATA[public function getModule($module_id) {]]></search>
			<add position="before"><![CDATA[		
    public function getModuleCode($module_id) {
        $query = $this->db->query("SELECT * FROM " . DB_PREFIX . "module WHERE module_id = '" . (int)$module_id . "'");
        if ($query->row) {
            return $query->row['code'];
        }else {
            return array();
        }
    }
				]]></add>
		</operation>		
	</file>
	
	<file path="catalog/controller/module/tm_parallax.php">
		<operation>
			<search><![CDATA[ $data['modules'] = array(); ]]></search>
			<add position="after"><![CDATA[
				if (isset($setting['module_id'])) {
					foreach ($setting['module_id'] as $module) {
						$code = $this->model_extension_module->getModuleCode($module);
						$setting_info = $this->model_extension_module->getModule($module);
						if ($setting_info && $setting_info['status']) {
							$data['modules'][] = $this->load->controller('module/' . $code, $setting_info);
						}
					}
				}
			]]></add>
		</operation>		
	</file>
	
</modification>