<?xml version="1.0" encoding="utf-8"?>
<modification>
	<name>TM Product</name>
	<version>1.0</version>
	<author>http://www.templatemonster.com</author>
	<link>http://www.templatemonster.com</link>
	<code>product</code>
	<file path="catalog/controller/product/product.php">
		<operation>
			<search><![CDATA[ $data['description'] = html_entity_decode($product_info['description'], ENT_QUOTES, 'UTF-8'); ]]></search>
			<add position="replace"><![CDATA[ 
				    $desc = html_entity_decode($product_info['description'], ENT_QUOTES, 'UTF-8');
            $pos = strpos($desc,'<iframe');
  			if (is_int($pos)) {
                $pos2 = strpos($desc, '</iframe>') + 9;
                $video = substr($desc, $pos, $pos2);
                $data['video'] = $video;
                $data['description'] = str_replace($video, '', $desc);
            } else{
                $data['video'] = '';
                $data['description'] = $desc;
            }
				]]></add>
		</operation>

		<operation>
			<search><![CDATA[$data['tab_attribute'] = $this->language->get('tab_attribute');]]></search>
			<add position="before"><![CDATA[ 
				    $data['tab_video'] = $this->language->get('tab_video');
				]]></add>
		</operation>
		<operation>
			<search><![CDATA[$data['points'] = $product_info['points'];]]></search>
			<add position="after"><![CDATA[ 
				   $data['stock_status'] = $product_info['quantity'];
				]]></add>
		</operation>
	</file>
	<file path="catalog/language/english/product/product.php">
		<operation>
			<search><![CDATA[ $_['tab_review']               = 'Reviews (%s)'; ]]></search>
			<add position="before"><![CDATA[ 
				    $_['tab_video']               = 'Video';
				]]></add>
		</operation>
	</file>
</modification>